time,dbservice,loginservice,mobservice,redisservice,webservice
2021-07-28 21:01:00,0.16337,0.2697036,1.3340257777777778,0.0035420487804878,2.10092175
2021-07-11 19:50:00,0.3679173333333332,0.4529741538461538,1.4872491250000002,0.0033825555555555,2.467990142857143
2021-07-02 04:09:30,0.317866,0.3776658461538461,1.455181875,0.0031821351351351,2.2747441428571427
2021-07-18 17:00:20,0.200171,2.008098916666667,0.1168731666666666,0.0035242413793103,2.50021
2021-07-09 09:40:30,1.0997945714285715,1.3537325714285713,0.2582422857142857,0.01185990625,2.184853857142857
2021-07-09 08:12:40,0.354195,0.5551067647058823,1.3296379,0.0126121777777777,2.581870666666666
2021-07-20 02:41:30,60.041933,10.0557345,0.1325105,0.0033388,10.504513
2021-07-09 17:59:30,0.9102381428571428,1.1070953571428572,0.2773364285714285,0.0117627222222222,2.002256571428572
2021-07-20 00:51:00,60.053708,10.04970175,0.1267875,0.0035603999999999,10.503976
2021-07-24 07:08:30,0.1234847499999999,0.251279111111111,2.3120012,0.0040853913043478,2.9185574
2021-07-18 17:50:00,0.1276063333333333,0.2989098461538461,1.9662428333333333,0.0042584137931034,2.3587254285714283
2021-07-28 10:58:30,0.3706623333333333,0.4417402857142857,2.3092666,0.0037376818181818,3.615223
2021-07-10 09:53:00,0.319872,0.493165705882353,1.442119666666667,0.0099151627906976,2.398813666666667
2021-07-29 19:07:40,1.5173038571428574,1.6543402857142857,0.1313406666666666,0.00657415625,2.1449274285714286
2021-07-25 03:43:20,0.1387488888888889,0.318058947368421,1.3035844,0.013076125,2.0992445
2021-07-17 18:23:20,0.1245295,0.3079791111111111,2.8684237500000003,0.003601947368421,2.9734258
2021-07-20 02:57:00,60.0477765,10.074118,0.1490935,0.0065382999999999,10.564363
2021-07-31 02:37:20,0.11274875,0.2157663333333333,2.2889628,0.0029410454545454,2.8107694000000003
2021-07-21 20:57:30,0.174381,0.3257735882352941,1.2174901000000002,0.0034715217391304,2.0173987777777778
2021-07-10 05:52:00,0.3949535714285714,0.5562366,1.61403875,0.0121607567567567,2.680307375
2021-07-20 00:36:10,60.0521155,10.0476725,0.112854,0.0037396,10.514496
2021-07-08 20:33:30,0.4330114285714286,0.6162684666666667,1.617807625,0.0135179743589743,2.819980375
2021-07-08 11:24:00,0.916111875,1.122932625,0.273683,0.0146570487804878,2.007404375
2021-07-02 06:46:50,0.54955625,0.5931654444444444,1.9269618333333327,0.0076098571428571,3.131982
2021-07-08 17:12:00,1.181286,1.40297125,0.259894,0.0159828823529411,2.2748233333333334
2021-07-20 02:53:20,60.059844,10.048872,0.107568,0.0035527142857142,10.516884
2021-07-04 22:10:00,0.3254616,0.3847462727272727,1.6592672857142858,0.0035889999999999,2.618097833333333
2021-07-05 09:49:40,0.9252372222222224,0.967642894736842,1.1886043000000002,0.0042314444444444,2.4410191
2021-07-17 07:56:50,0.13153075,0.3213388888888888,2.3173122000000004,0.0043164782608695,3.0244688
2021-07-22 17:57:30,0.3630071428571428,0.4891127333333333,1.3338568888888889,0.0041714390243902,2.336205375
2021-07-03 01:10:30,0.6777625555555555,0.7324226842105264,1.0940880000000002,0.006000725490196,2.2026171000000003
2021-07-21 22:22:40,0.1443228,0.2861910909090909,1.9764045,0.0065474999999999,2.6057218333333334
2021-07-21 05:37:50,0.1113939999999999,0.2588311818181818,1.7056278571428574,0.0035137,2.6194341666666667
2021-07-03 04:21:30,0.3642338333333333,0.4322087692307692,1.6642358571428573,0.0038645483870967,2.394528428571429
2021-07-16 01:37:50,0.135217,0.3193329333333333,1.51326225,0.0053253243243243,2.376259714285714
2021-07-16 08:07:40,0.1081394,0.2626475454545454,1.7104075714285716,0.0053081379310344,2.6214093333333333
2021-07-16 03:00:40,20.047545,10.04899175,0.123824,0.0036491,10.520958
2021-07-03 08:49:40,0.3308292499999999,0.3765848888888888,1.658133857142857,0.0040019333333333,2.9245672
2021-07-20 00:45:00,60.060627,10.050626,0.1130269999999999,0.0033478,10.5120035
2021-07-21 03:52:40,0.1492427499999999,0.3167394444444444,1.992986666666667,0.00652844,3.068603
2021-07-17 21:00:30,0.1564067499999999,0.3117401111111111,2.3186195999999994,0.0040107826086956,2.94181
2021-07-08 16:33:20,0.7387193333333334,0.9037937692307692,1.802426857142857,0.01696796875,3.256139571428572
2021-07-03 14:35:00,0.3401308571428571,0.4043206666666666,1.3146304444444443,0.0044927209302325,2.165029
2021-07-09 20:27:10,1.2010595714285714,1.4320112857142857,0.289447,0.0183998399999999,2.3604344285714283
2021-07-11 10:26:40,0.33636825,0.470362,1.2546118,0.0070288723404255,2.2519212222222222
2021-07-21 04:10:20,0.1377380769230769,0.2937708571428571,1.5864578,0.0056678714285714,2.2704716666666664
2021-07-20 02:18:20,60.047364,10.04509625,0.1308,0.0032051999999999,10.4889685
2021-07-22 11:05:20,0.1716191428571428,0.3296065333333333,1.496719375,0.0050727027027027,2.216191875
2021-07-04 00:41:20,0.325353875,0.4020031176470588,1.1930724,0.0050119375,2.041054111111111
2021-07-09 17:58:30,0.994328,1.227347,0.3102941428571428,0.0155913333333333,2.166133142857143
2021-07-28 14:26:00,0.1298632499999999,0.2249236666666666,2.3057136,0.0034630909090909,2.8585798
2021-07-03 18:29:30,0.4983695714285714,0.5556479333333333,1.3205552222222223,0.004031975,2.32214275
2021-07-09 21:58:20,0.410495,0.5397337777777778,2.443017,0.0135129523809523,3.4769064
2021-07-03 17:26:50,0.3324598333333333,0.4010443846153846,1.6755861428571428,0.0044901515151515,2.388467285714285
2021-07-09 17:43:40,0.4511941999999999,0.6042197272727273,2.4477042,0.0140885217391304,3.2459016666666667
2021-07-18 04:36:20,0.163419,0.3422669333333333,1.2307397999999998,0.0060186304347826,2.212435625
2021-07-11 09:56:40,0.3286757777777778,0.4543855263157894,1.3727939999999998,0.0078883181818181,2.1153868
2021-07-09 11:39:50,0.9361181428571428,1.1978683571428572,0.3011014285714286,0.0155321081081081,2.148135714285714
2021-07-09 22:25:00,0.3699132857142856,0.5647750666666667,1.449614,0.012226119047619,2.7378925
2021-07-22 14:42:10,0.1716086,0.3265433636363636,1.9490670000000003,0.0034785862068965,2.63432
2021-07-09 09:39:00,0.9500821666666668,1.1813085,0.2891597142857143,0.0183274857142857,2.0972478333333333
2021-07-28 20:31:10,0.1981073333333333,0.298822,1.6942292857142858,0.0035265757575757,2.319826571428571
2021-07-20 03:04:30,60.069377,10.05014975,0.1213934999999999,0.0035117,10.5071985
2021-07-08 10:20:50,1.0883028571428572,1.2886940714285713,0.3031607142857143,0.0214381176470588,2.243182714285714
2021-07-22 05:00:00,0.1509953333333333,0.2833372857142857,1.9762593333333327,0.0063309565217391,3.486559
2021-07-02 02:53:30,0.326951,0.3781028181818182,1.648677,0.0030426774193548,2.543146333333333
2021-07-21 15:51:10,0.11171225,0.2536015555555556,1.949236,0.0039717692307692,2.9287686000000006
2021-07-08 22:40:40,0.4182443333333333,0.6399630000000001,1.4867244444444443,0.0125309761904761,2.5922146
2021-07-29 11:56:50,0.3114801428571428,0.4003181333333333,1.683384,0.0034479999999999,2.23725225
2021-07-20 02:33:50,60.03771,10.049693,0.1326534999999999,0.0045294,10.501112
2021-07-20 17:37:00,0.1395083333333333,0.281174,2.3163606000000003,0.0040658,3.54027725
2021-07-28 08:22:40,0.1215585,0.2311866923076923,1.5035072500000002,0.0036760555555555,2.282650142857143
2021-07-09 04:15:30,0.3725805,0.5934737692307692,1.5422551111111111,0.01315955,3.074151285714286
2021-07-11 08:44:10,0.3345111666666667,0.4697493846153847,1.5251525,0.0083768108108108,2.6128530000000003
2021-07-05 12:51:40,0.6262034,0.6622832727272727,1.6647697142857143,0.0040454375,2.861216666666667
2021-07-18 17:43:40,0.1391758333333333,0.3202876153846153,1.488813625,0.0044810833333333,2.397832
2021-07-10 16:21:00,1.05103125,1.21176675,0.3111366666666667,0.0172976666666666,2.038686
2021-07-09 11:07:40,0.4967034999999999,0.6305555999999999,3.0104275,0.0143873125,5.078618333333334
2021-07-20 01:34:20,60.049814,10.04764175,0.12251,0.0034954,10.506364
2021-07-20 00:12:50,60.047763,10.050343,0.1133325,0.0036248,10.5052325
2021-07-02 16:48:00,0.8594745555555555,0.9040635263157896,1.3123562222222225,0.0043241395348837,2.3664191
2021-07-03 13:42:10,0.563476875,0.620186,1.1944695,0.0035449347826086,2.2138422222222225
2021-07-08 09:59:20,0.92405675,1.130851625,0.3022161666666667,0.0167285,2.004073875
2021-07-11 01:27:40,0.3235012,0.4618501818181819,2.0338375,0.0092210357142857,2.9325495
2021-07-22 16:10:40,0.258712,0.387661,1.4890405000000002,0.0045295,2.223959125
2021-07-08 06:05:50,0.3886215,0.5830905384615385,1.608372,0.0106008611111111,2.908389857142857
2021-07-21 03:11:40,0.1292903333333333,0.3087422307692308,1.490085875,0.003462,2.3483172857142853
2021-07-25 01:49:00,0.13242775,0.2785829999999999,1.3503006666666666,0.0043583023255813,2.0029387777777776
2021-07-05 07:04:50,0.3317384,0.3988959090909091,1.6609982857142858,0.00363840625,2.6037216666666665
2021-07-09 10:52:00,0.9707114285714286,1.1783974285714287,0.273335125,0.0135062564102564,2.0780724285714287
2021-07-09 13:54:30,0.924520875,1.1396090625,0.258169,0.0172289117647058,2.034710125
2021-07-09 11:20:50,1.022197,1.2265070833333334,0.332726625,0.0159724210526315,2.1413685
2021-07-20 03:15:50,60.0496045,10.05129725,0.1163839999999999,0.0036723,10.541897
2021-07-30 18:55:30,0.27766275,0.368058375,1.9288206666666667,0.0061738846153846,3.526367
2021-07-04 20:03:50,0.3252388571428571,0.3928411333333333,1.4620807500000002,0.0037406756756756,2.16351475
2021-07-16 05:41:20,0.2119805,0.3944083636363636,1.9555985,0.0035253703703703,2.7123328333333334
2021-07-24 13:49:40,0.2425,0.3734554444444444,2.3143926,0.0041176363636363,3.0321788
2021-07-23 09:13:50,0.1264087142857143,0.2817198,1.336711888888889,0.003817243902439,2.135262
2021-07-21 17:54:30,0.7633642500000001,0.981495,2.4983766,0.0663375454545454,6.5990972
2021-07-16 04:28:00,0.15665925,0.3412112222222222,2.322265,0.0038480434782608,2.9955998
2021-07-08 15:55:10,1.0793052,1.29468,0.2772862,0.0131245,2.151766
2021-07-11 02:02:40,0.333551,0.4348264444444444,1.9419878333333327,0.0069696785714285,3.1356098
2021-07-10 09:11:10,0.395191,0.5418514666666667,1.4374622222222222,0.0147642894736842,2.5876200000000003
2021-07-09 18:16:30,1.047805,1.25109075,0.2692067142857143,0.0116373333333333,2.120552833333333
2021-07-23 11:35:40,0.161412375,0.315040294117647,1.219585,0.0037964565217391,2.0211302222222223
2021-07-09 01:47:00,0.242948,0.4305936666666666,2.118758166666667,0.020300923076923,3.084349833333333
2021-07-22 13:42:50,0.1363575,0.2743256666666667,2.3101818,0.0034544761904761,2.9261246
2021-07-20 03:13:50,60.059549,10.0500845,0.12602,0.0034365,10.496519
2021-07-20 03:31:30,60.107166,10.0822785,0.239217,0.0109706,10.711948
2021-07-22 05:45:30,0.236513,0.3912187333333333,1.338982111111111,0.0044881951219512,2.232126875
2021-07-21 00:16:00,0.180365375,0.3256311764705882,1.3492454444444444,0.0056024523809523,2.068461
2021-07-10 21:51:10,0.3580771111111111,0.5092014210526316,1.3012070999999998,0.0111151276595744,2.2828657
2021-07-17 00:50:20,0.06021,0.2509175555555555,1.7099305714285713,0.0060878,2.9590706
2021-07-30 18:42:40,0.153141,0.256489,2.874649,0.0086755,4.3549690000000005
2021-07-20 02:46:20,60.041635,10.04836925,0.1110755,0.0035913,10.500481
2021-07-09 05:23:40,0.3943186666666666,0.5813373846153846,1.638173875,0.0126693714285714,2.954743142857143
2021-07-09 18:52:40,0.2195986666666666,0.4029974285714285,2.96010875,0.0167276875,3.9621005
2021-07-21 13:52:20,0.1612469999999999,0.3022089333333334,1.2377721999999998,0.005368465116279,2.1578858750000003
2021-07-10 16:47:10,0.35411575,0.4844281111111111,2.3964542,0.0145502727272727,3.3078986
2021-07-21 18:42:10,0.45975625,0.5661024444444445,1.9394666666666665,0.003495125,3.1745944
2021-07-29 15:01:30,0.21742575,0.3260069411764706,1.2311195,0.0047142826086956,2.013965555555556
2021-07-22 04:56:20,0.1303795999999999,0.2681619090909091,2.302731,0.0042655652173913,2.570525333333333
2021-07-16 16:37:00,0.3858282857142857,0.5728281333333333,1.528340125,0.0047053684210526,2.45433
2021-07-04 17:48:00,0.3312863333333333,0.410658,1.6708352857142856,0.0046665151515151,2.391932571428572
2021-07-02 17:01:10,0.4368858,0.4919586363636364,1.9181536666666668,0.004604,2.701349
2021-07-23 12:54:50,0.1398323333333333,0.2746777142857143,1.9413718333333327,0.0048488333333333,3.50993825
2021-07-30 21:00:50,0.1563502,0.2692007272727272,1.9415945,0.0030487407407407,2.5337496666666666
2021-07-09 06:12:00,0.3895929999999999,0.6247749090909092,2.1653523333333333,0.0141760357142857,3.430743
2021-07-20 00:45:10,60.060592,10.05352325,0.203921,0.0134696,10.505839
2021-07-10 07:56:20,0.3740788571428571,0.5350537333333333,1.5880925,0.0094972777777777,2.62811775
2021-07-17 09:16:50,0.151666,0.3307744545454545,1.6998845714285713,0.0046925161290322,2.6388298333333333
2021-07-11 07:07:10,0.3479055,0.4931438823529411,1.3847266666666664,0.0101360930232558,2.3143161111111112
2021-07-31 09:39:50,0.1648373333333333,0.2776242857142857,2.3034052,0.0059091304347826,3.473668
2021-07-01 16:02:20,0.4105100909090909,0.4447418333333333,1.7541716153846154,0.0029380166666666,2.416838923076923
2021-07-10 05:03:20,0.3773128571428571,0.5500998666666667,1.4101609999999998,0.0104373,2.63067025
2021-07-29 22:09:20,0.6304896666666667,0.6673784285714286,2.8478395,0.0052977222222222,3.770917
2021-07-21 21:51:40,0.149722,0.2894553846153846,1.4928225,0.0034476486486486,2.3143740000000004
2021-07-10 11:44:10,0.4203795714285714,0.5620667857142857,1.610084625,0.0150861944444444,2.8444497142857146
2021-07-05 10:11:10,1.015231,2.8983202,0.094095,0.0042094,3.3020368
2021-07-24 10:45:20,0.1169363333333333,0.2268561428571428,2.8814205,0.0056164705882352,3.44014325
2021-07-10 17:01:10,0.371194,0.4951605555555555,2.3865154,0.0107401666666666,3.2952538
2021-07-25 12:30:50,0.1327236666666666,0.2430417142857142,2.85908875,0.0033620588235294,3.45836975
2021-07-20 02:45:20,60.062766,10.063453,0.1118145,0.0034826999999999,10.5075255
2021-07-09 13:49:40,0.5614830000000001,0.7185410909090909,2.060969666666667,0.0135624074074074,3.315038833333333
2021-07-21 01:55:40,0.117102,0.2470672857142857,2.3494918,0.0059137142857142,3.5225415
2021-07-18 11:17:20,0.1485081428571428,0.3295176666666666,1.493631,0.0041624444444444,2.163654
2021-07-20 02:57:30,60.036826,10.050311,0.1143955,0.0035772,10.493595
2021-07-10 13:42:30,0.522378,0.6709856,1.643263375,0.0199381351351351,2.814870125
2021-07-08 18:15:50,0.5412685,0.7215917692307693,1.6097484999999998,0.0168603421052631,3.0939734285714287
2021-07-23 19:39:50,0.1494142,0.3011553636363636,1.959991666666667,0.0049268666666666,2.6257941666666667
2021-07-20 03:00:10,60.068827,10.04871225,0.126765,0.0034725,10.4736525
2021-07-16 10:18:50,0.1472895,0.3279328888888889,1.7159457142857142,0.0069849333333333,2.9856348
2021-07-11 06:59:40,0.3331711666666666,0.4491449230769231,1.6916989999999998,0.0062129696969696,2.551091
2021-07-20 00:11:50,60.069343,10.05451575,0.115082,0.0060634285714285,10.5509675
2021-07-03 16:03:20,0.4496984444444444,0.510866,1.0996305454545454,0.0050879038461538,2.0064666
2021-07-09 17:58:00,1.4693986666666667,1.7010225833333334,0.27643875,0.0199749615384615,2.6500376666666665
2021-07-31 17:19:30,0.1660921666666666,0.2750754615384615,1.46547975,0.0038542162162162,2.266889857142857
2021-07-08 15:18:30,0.9808127142857144,1.2044239285714284,0.24708,0.0144743125,2.0077282857142857
2021-07-05 15:35:10,0.5456653333333333,0.6069582631578947,1.330973888888889,0.005521,2.0842116
2021-07-18 10:49:20,0.1502865714285714,0.3326511333333333,1.515187125,0.0041615135135135,2.19967625
2021-07-21 04:23:50,0.133288625,0.2889217058823529,1.3485005555555558,0.0038938571428571,2.013447888888889
2021-07-22 04:23:10,0.147898,0.2724385714285714,2.3081146,0.0034645714285714,3.4404235
2021-07-08 19:54:50,0.9722671428571428,1.178406,0.2549254285714286,0.0142963714285714,2.067895142857143
2021-07-11 06:51:40,0.330273,0.4185207142857142,2.3400848,0.0054109545454545,3.68308275
2021-07-22 18:01:50,0.1775908333333333,0.3529382307692307,1.4950141250000002,0.0035296486486486,2.4357205714285715
2021-07-23 11:22:00,0.130802,0.2609683636363636,1.690934,0.0035877741935483,2.554987166666667
2021-07-10 08:55:30,0.37838275,0.5097564444444445,2.0408881666666665,0.0150761153846153,3.3424556
2021-07-09 11:43:20,0.9619041428571428,1.1562116428571427,0.2660751428571428,0.016776,2.0294794285714284
2021-07-08 13:12:20,1.142492,1.36101575,0.235117,0.0114012580645161,2.1873078333333336
2021-07-11 14:17:20,0.3197117777777778,0.4327111052631578,1.3467333333333331,0.0066588636363636,2.029836
2021-07-20 02:23:00,60.0595955,10.047521,0.16693,0.0042545,10.5373905
2021-07-20 01:59:30,60.067501,10.060446,0.123489,0.0033944,10.542608
2021-07-17 05:20:30,0.1465585714285714,0.3240124,1.500473,0.0037913421052631,2.2079681250000003
2021-07-20 01:45:00,60.025268,10.0492875,0.1108575,0.0034413,10.547815
2021-07-02 05:52:20,0.3279648333333333,0.3949970769230769,1.45166125,0.0038477297297297,2.320314571428572
2021-07-20 09:09:50,0.0798685,0.2101785555555555,2.3141212,0.003876,2.8590652
2021-07-23 06:36:50,0.1356954285714285,0.2795268,1.48986075,0.0044987777777777,2.100756125
2021-07-09 20:24:10,0.8996528571428571,1.1148928571428571,0.2907575714285714,0.022919027027027,2.032387
2021-07-02 07:13:00,0.3178392,0.3790814545454545,1.6455194285714287,0.003684064516129,2.5597916666666665
2021-07-09 20:25:40,0.9788041428571428,1.1774660714285716,0.302276125,0.0170722105263157,2.066462142857143
2021-07-02 17:48:20,0.9909953333333332,0.9435828571428572,2.3131334,0.0079554285714285,3.99845775
2021-07-03 22:39:40,0.3247754285714285,0.3916316666666667,1.3230092222222225,0.0046343414634146,2.15371
2021-07-02 07:14:50,0.3131,0.3667241428571429,2.29526,0.0055245,3.45064925
2021-07-17 15:20:20,0.15018425,0.3344932222222222,2.3121506,0.00348908,2.985014
2021-07-05 22:57:40,0.3226643333333333,0.3827693846153846,1.655554571428571,0.0033763125,2.325757
2021-07-24 08:12:40,0.1309222,0.2787411818181818,1.4926851250000002,0.0037753235294117,2.573924666666667
2021-07-03 17:46:10,0.364335,0.4359709333333333,1.3141467777777778,0.0046852195121951,2.203047125
2021-07-22 01:45:50,0.1234274,0.2450225454545454,1.949354666666667,0.0034811538461538,2.5368071666666667
2021-07-08 08:51:50,0.3652520000000001,0.4995954285714286,2.4410918,0.0152752857142857,3.9872995
2021-07-30 15:36:30,0.3013007142857143,0.4060918666666666,1.3306474444444445,0.003748,2.230325875
2021-07-23 08:16:10,0.0917606666666666,0.215991,2.3170346,0.0034102857142857,3.422723
2021-07-09 04:06:30,0.3554322,0.5820757272727272,2.0910695,0.0130632692307692,3.216407
2021-07-28 13:35:30,0.1165478333333333,0.2089497692307692,1.9513258333333328,0.0036041851851851,2.2300298571428567
2021-07-09 16:08:30,0.3617394999999999,0.5555152307692308,1.8187227142857143,0.015466,2.9244804285714285
2021-07-20 01:54:40,60.050953,10.073651,0.112141,0.003854,10.5623125
2021-07-20 02:38:40,60.043731,10.043375,0.1245834999999999,0.0055562499999999,10.544603
2021-07-03 04:45:10,0.322146,0.3686306666666666,2.2964242,0.0039257272727272,2.9206726
2021-07-17 22:09:30,0.14462075,0.3340755882352941,1.414506,0.0104607142857142,2.1347105555555554
2021-07-18 11:22:00,0.143043,0.2950333333333333,1.9483571666666668,0.0035842592592592,2.9295212
2021-07-20 07:11:50,0.090854,0.214927,3.7774968333333327,0.0038058399999999,4.307160166666667
2021-07-09 23:05:40,0.3764548749999999,0.5720232941176471,1.3477651000000002,0.0119450666666666,2.594304222222222
2021-07-22 06:20:20,0.1314806,0.2768031818181818,1.7041901428571429,0.0056686451612903,2.572505833333333
2021-07-08 16:06:10,1.0173207142857144,1.2245717857142857,0.241177375,0.0095773076923076,2.0651941428571425
2021-07-16 14:26:50,0.2222157142857142,0.4128274666666666,0.1290655714285714,0.0034595277777777,2.260368625
2021-07-09 00:41:50,0.381112,0.5741608,1.6192650000000002,0.0142966756756756,2.749572
2021-07-28 11:42:00,0.2352513333333333,0.307434,2.86122375,0.0033834444444444,3.47623725
2021-07-11 01:53:00,0.2885404545454545,0.4398645714285714,1.0670028333333332,0.0091173050847457,2.0036844545454544
2021-07-18 03:51:40,0.1444891111111111,0.3606261052631579,1.2870386,0.0092246530612244,2.0890465
2021-07-16 08:51:40,0.103509,0.2720710909090909,1.6960909999999998,0.004197125,2.5993475
2021-07-11 05:13:50,0.3668203333333333,0.505022947368421,1.2678216,0.0066185833333333,2.1865862
2021-07-20 03:05:10,60.056677,10.048533,0.1126844999999999,0.0034733,10.517252
2021-07-08 11:28:10,1.1637494285714285,1.3840413571428571,0.2498112857142857,0.0160849375,2.195400285714286
2021-07-11 07:48:30,0.3442705,0.4528317777777777,2.3598522,0.010178,3.1757758
2021-07-23 19:59:30,0.2618729999999999,0.3836712222222222,1.9524486666666665,0.0041171153846153,3.0398878000000003
2021-07-20 02:18:00,60.0551635,10.0506275,0.1254365,0.0034063,10.5010195
2021-07-08 11:27:30,1.0391038571428572,1.2561307142857143,0.2816696666666666,0.0184945666666666,2.242375142857143
2021-07-24 23:53:20,0.1281623333333333,0.2868887692307692,1.49790125,0.0064766176470588,2.3571957142857145
2021-07-11 01:16:30,0.3213038,0.4437847272727273,1.987938166666667,0.00786868,2.8325818333333337
2021-07-10 14:52:40,0.350794,0.5008256,1.60537675,0.0130704,2.572926125
2021-07-10 17:28:10,0.4446931111111111,0.5924577894736842,1.3026143,0.0112241428571428,2.3377343
2021-07-17 12:35:00,0.1470745,0.3231304444444444,1.9774345,0.0046713703703703,3.0509944000000004
2021-07-29 05:17:10,0.1431103333333333,0.2460164615384615,1.48396425,0.0038947837837837,2.274048857142857
2021-07-17 01:48:40,0.2735851428571428,0.4403280666666667,1.3340866666666669,0.0036817954545454,2.27042525
2021-07-04 19:36:40,0.320409,0.3909493076923077,1.48470225,0.00591525,2.374129428571429
2021-07-09 20:29:40,1.1728056666666666,1.4030976666666666,0.2534431428571428,0.0109444285714285,2.274713833333333
2021-07-24 14:16:30,0.1176996666666666,0.2726753846153846,2.5511603333333337,0.0038655833333333,2.336160857142857
2021-07-08 15:22:30,0.9026444285714286,1.1265461428571428,0.2757435,0.0162052,2.0430814285714285
2021-07-04 21:12:20,0.3246347499999999,0.3823149999999999,1.9315006666666663,0.0048674615384615,3.0001788
2021-07-20 02:00:50,60.0558595,10.06616075,0.1195634999999999,0.0034203999999999,10.4866995
2021-07-08 03:48:50,0.3693794999999999,0.627914,1.4819571111111112,0.0117954047619047,2.7186807777777777
2021-07-02 03:21:50,0.3186172,0.3697344545454545,1.9035965,0.0030741428571428,2.517436
2021-07-04 14:23:50,0.3301048571428571,0.4001603999999999,1.327603,0.0050288,2.173603
2021-07-20 01:09:20,60.0346015,10.0465915,0.126966,0.0035553,10.507086
2021-07-31 10:11:50,0.11830475,0.2232554444444444,2.3027584,0.003302619047619,2.8470676
2021-07-08 09:42:50,1.0189965,1.2631295833333334,0.244598,0.0143320882352941,2.0977813333333333
2021-07-20 01:08:20,60.081248,10.057407333333332,0.114336,0.003685,10.492804
2021-07-08 23:38:10,0.3682924999999999,0.5511805384615385,1.592413625,0.0126271388888888,2.885565
2021-07-08 07:44:40,0.354173625,0.5847198823529413,1.3151843,0.0123092,2.5673506666666666
2021-07-31 09:20:10,0.111594,0.2290525384615384,1.3202195555555556,0.0045681052631578,2.232371857142857
2021-07-10 02:39:10,0.36829,0.5437533636363636,1.8480662857142856,0.0126679032258064,3.2228250000000003
2021-07-30 22:43:10,0.2605296,0.3532373636363636,1.9288806666666665,0.004077,2.5987955
2021-07-28 04:32:50,0.1124898,0.2073483636363636,2.30827,0.0034463913043478,2.4752316666666667
2021-07-08 09:40:10,1.0983407142857142,1.2976608571428572,0.2413458571428571,0.0129379393939393,2.1018464285714287
2021-07-25 07:27:20,0.1250275,0.2146983999999999,3.7862546666666654,0.0039791666666666,4.3288356666666665
2021-07-23 03:16:10,0.1132783333333333,0.245134,2.863152,0.0041513157894736,3.4588835
2021-07-28 23:14:40,0.4458385714285714,0.5389237333333334,1.489402,0.0039727105263157,2.3664135
2021-07-09 11:17:10,1.1680771666666667,1.4225755833333331,0.319646,0.0173754516129032,2.325939833333333
2021-07-29 18:44:50,0.632039,0.7109234705882352,1.2179938,0.0037902826086956,2.3750672222222224
2021-07-21 18:11:00,0.2304094444444444,0.4314516842105263,1.158685,0.0100892692307692,2.223264
2021-07-31 07:38:10,0.1253808571428571,0.2448892,1.316058222222222,0.0037081904761904,2.0662492500000003
2021-07-10 12:09:00,0.3292175,0.46638,2.083244833333333,0.01276696,3.4221932
2021-07-09 18:41:40,0.3379541111111111,0.5375171052631579,0.2736706666666666,0.0145866,2.4638944
2021-07-09 04:26:20,0.39012675,0.601196411764706,0.2828161111111111,0.0110250217391304,2.693547111111111
2021-07-11 03:28:10,0.3386698,0.4840735238095238,0.1673942727272727,0.0090788392857142,2.0839486363636364
2021-07-08 14:02:30,0.4500345714285714,0.6386320666666666,1.611597375,0.0139475135135135,2.817576875
2021-07-16 10:07:40,0.31853,0.4726358571428571,2.3050786,0.0034738,3.65930175
2021-07-10 15:18:40,0.4237674999999999,0.5396036666666667,2.0488151666666665,0.009023423076923,3.3398856
2021-07-05 16:36:50,1.635152,1.71653375,0.08866225,0.0040409047619047,2.1499135000000003
2021-07-16 03:00:00,20.061933,10.04972525,0.1185124999999999,0.0036991,10.494739
2021-07-02 07:28:50,0.3167524285714286,0.3871958666666666,1.6453575714285713,0.0037806875,2.090088375
2021-07-05 04:17:50,0.3200275,0.3768621111111111,1.9226825,0.0034649615384615,2.9567904
2021-07-31 17:03:20,20.068986,10.04337325,0.0872295,0.0035523,10.513537
2021-07-20 01:07:30,60.0443185,10.04934825,0.134464,0.0035444,10.4829355
2021-07-03 04:58:40,0.3219953333333333,0.3809761428571429,1.9267535,0.0049922692307692,3.519285
2021-07-17 20:12:00,0.1436696,0.3214457272727273,1.7079535714285714,0.0045063225806451,2.652829833333333
2021-07-05 09:47:20,1.489361857142857,1.582613642857143,0.105418,0.0042165294117647,2.037728
2021-07-04 18:31:20,0.3267248571428571,0.3963718,1.1918526,0.0037723409090909,2.178645625
2021-07-11 01:52:10,0.348352,0.4175916,5.6196305,0.0052596249999999,4.552739
2021-07-29 10:30:10,0.2210166666666666,0.31531975,2.1175290909090907,0.0044233333333333,2.760653090909091
2021-07-20 00:38:20,60.042928,10.050401,0.143087,0.004699,10.57827
2021-07-10 07:00:30,0.3649907777777778,0.5322167894736842,1.3098042,0.0121041632653061,2.3498465
2021-07-22 17:59:50,0.1376659999999999,0.2818172857142857,2.2992216,0.0033890476190476,3.473838
2021-07-20 00:37:00,60.0471385,10.0530505,0.1082745,0.0033034,10.503476
2021-07-21 11:37:00,0.136762,0.3014766923076923,1.689011142857143,0.0037554545454545,2.358289571428571
2021-07-02 02:52:30,0.3161634,0.3768437272727272,1.9119343333333327,0.0034035357142857,2.5442058333333333
2021-07-03 18:32:10,0.322834,0.3619642857142857,2.843296,0.0039199444444444,3.4756547500000003
2021-07-08 01:32:30,0.280998,0.5049828947368421,1.171103818181818,0.0106562857142857,2.3836823
2021-07-20 17:33:10,0.1884563333333333,0.3279925384615385,1.342179,0.0043168157894736,2.409759857142857
2021-07-09 17:21:10,1.2622397142857142,1.4795324285714284,0.2977508571428571,0.0125429117647058,2.359082
2021-07-30 20:48:30,0.211215,0.3239128461538462,1.6788035714285716,0.0046687878787878,2.363606857142857
2021-07-18 08:29:50,0.1442758461538461,0.3183971428571429,1.4967388125,0.0041700136986301,2.2665277333333336
2021-07-04 14:27:00,0.320478,0.3876820666666666,1.3283343333333333,0.0047177209302325,2.186899125
2021-07-20 19:05:30,0.1336649999999999,0.2716587272727273,1.6806521428571428,0.0035062580645161,2.5463725
2021-07-20 01:44:30,60.066552,10.05192025,0.146743,0.0035358,10.499368
2021-07-21 17:32:30,0.14599575,0.2782242222222222,2.3253298,0.0059197826086956,2.9577058000000003
2021-07-31 18:24:30,0.14301825,0.2590276666666666,1.9524406666666667,0.0133718846153846,2.8841132
2021-07-03 06:03:00,0.3189773333333333,0.3667432857142857,2.283208,0.0038840454545454,3.47117225
2021-07-22 20:13:40,0.1466594,0.2756078181818182,1.9484038333333336,0.0034346538461538,2.582969666666667
2021-07-05 19:37:30,0.368853125,0.4506153529411764,1.2048812999999998,0.0050975625,2.089411
2021-07-10 18:36:40,0.330213875,0.4840921764705882,1.307895,0.0156668888888888,2.402813777777778
2021-07-08 04:55:40,0.3703003333333333,0.5350915714285714,2.4225772,0.0099068095238095,3.99667475
2021-07-28 07:17:00,0.1270224,0.2253478181818182,2.3225864,0.0056173913043478,2.515632
2021-07-20 02:41:10,60.07809,10.0507075,0.1175195,0.0034660999999999,10.523965
2021-07-25 15:41:50,0.137617375,0.2498414705882352,1.338354111111111,0.0037328372093023,2.07001725
2021-07-22 00:36:00,0.1532475999999999,0.285891,3.248649142857143,0.0034898620689655,3.8707677142857135
2021-07-20 00:17:00,60.027971,10.0704735,0.124252,0.0033916,10.5428155
2021-07-21 01:44:30,0.1248666,0.2679486666666666,1.9475578333333328,0.0035877037037037,2.327598714285714
2021-07-20 01:35:30,60.085303,10.0533165,0.112597,0.003561,10.586523
2021-07-20 02:28:30,60.0442535,10.046708,0.1129465,0.0035023,10.515029
2021-07-22 19:35:10,0.13237325,0.2716058333333333,2.117138090909091,0.0035848541666666,2.9134037
2021-07-16 10:53:00,0.1374391428571428,0.3204485333333333,1.49776825,0.0040055789473684,2.18028075
2021-07-20 01:17:30,60.053405,10.0424785,0.1214954999999999,0.0035447777777777,10.500343
2021-07-18 15:02:30,0.1405896,0.3155297272727272,1.5161852500000002,0.0074425428571428,2.6162028333333334
2021-07-25 18:05:20,0.1235615,0.2320233333333333,1.957628,0.006287,2.8931284
2021-07-21 18:41:50,0.2125932,0.3450204545454545,1.9689755,0.0050555185185185,2.6458961666666663
2021-07-20 02:20:50,60.060991,10.050193,0.1386615,0.0037329,10.554761
2021-07-09 17:26:20,1.290127,1.5074335,0.2666917142857143,0.0131848857142857,2.3972014285714285
2021-07-04 13:06:40,0.3260182,0.3997411666666666,1.4679801249999995,0.0035011142857142,2.330614
2021-07-20 00:46:50,60.0329005,10.057409,0.1213575,0.0034874,10.4991755
2021-07-16 19:15:30,0.1632502499999999,0.328255,1.9802255,0.0056693461538461,2.9930078
2021-07-08 15:15:00,1.0178058333333333,1.2500510833333334,0.2406597142857142,0.013551794117647,2.112699
2021-07-24 15:52:20,0.2998844285714286,0.4447165333333333,1.2127762,0.0038480869565217,2.25892425
2021-07-03 13:42:00,0.4140148,0.4593346363636363,1.9201006666666665,0.0034685172413793,2.6557931666666668
2021-07-10 05:13:00,0.2942488571428571,0.4692178666666667,1.60262725,0.0158725128205128,2.576491125
2021-07-16 03:01:40,20.093763000000003,10.0505865,0.120453,0.0035702999999999,10.515122000000002
2021-07-20 03:11:30,60.060079,10.0498685,0.129902,0.0054979,10.524121
2021-07-11 13:52:30,0.3628337142857143,0.4829941333333333,1.3343924444444442,0.00494845,2.350206
2021-07-16 03:02:00,20.0878,10.0461315,0.121408,0.0037145,10.504755
2021-07-22 07:25:10,0.1232046666666666,0.2704653076923077,1.4962465,0.0042848333333333,2.292192571428572
2021-07-24 15:07:10,0.2192126,0.3553616363636363,1.6856634285714285,0.0038825161290322,2.642589
2021-07-23 01:00:00,0.13114,0.2667304285714286,2.8536435,0.0035462777777777,3.477336
2021-07-20 03:31:40,60.1016805,10.0694725,0.2082325,0.0104231999999999,10.746501
2021-07-08 19:39:50,1.5438722,1.744519,0.2658435,0.0176068620689655,2.5475872
2021-07-02 17:10:40,0.4643751666666666,0.5197803076923078,1.462745375,0.0034039189189189,2.4557387142857143
2021-07-18 13:14:50,0.139855375,0.3360979411764705,1.3487735555555558,0.0056648604651162,2.0453474444444444
2021-07-09 09:30:00,1.553907,1.779486,0.263823,0.0143113846153846,2.6724018000000003
2021-07-11 07:49:00,0.3383835714285714,0.4778762666666666,1.5368873749999998,0.0080282307692307,2.398895625
2021-07-20 00:04:30,60.0628395,10.0560925,0.1114485,0.0047268,10.4930845
2021-07-02 11:42:10,0.344094,0.4022581818181818,1.656710857142857,0.0036335161290322,2.580195333333333
2021-07-09 07:11:10,0.401455875,0.6037642352941176,1.4773336666666663,0.0151612272727272,2.6272626666666667
2021-07-20 00:54:10,60.063903,10.0500005,0.1284945,0.0035214,10.4919565
2021-07-28 07:44:30,0.13146,0.2402568181818181,2.3077164,0.00353604,2.510453
2021-07-08 19:55:10,0.582106,0.7149275555555555,2.4631921999999995,0.0192098181818181,3.756370800000001
2021-07-21 23:43:10,0.1496805,0.2850223076923077,1.6922964285714286,0.0034258064516129,2.344424
2021-07-29 17:12:10,0.2222657142857143,0.3339107333333333,1.5051260000000002,0.0091655,2.18354425
2021-07-02 14:01:00,1.6898935,1.7742530625,0.0861765,0.003772875,2.161821875
2021-07-08 04:25:10,0.3698101666666666,0.5366506666666667,1.8131378571428567,0.01151771875,3.155495666666667
2021-07-20 03:33:20,60.072637,10.079856,0.206218,0.0112986,10.720895
2021-07-10 05:01:40,0.4788395,0.6604487058823529,1.3314099,0.0105581739130434,2.6402467777777776
2021-07-08 11:20:30,0.8659576666666666,1.0923723333333333,0.30579275,0.0111875,2.095685833333333
2021-07-22 16:41:30,0.2297495999999999,0.3557825454545454,1.9507055,0.0044781071428571,2.6639956666666667
2021-07-10 14:48:50,0.4740281111111111,0.6164596315789473,1.2807433,0.0122819787234042,2.3521668
2021-07-03 02:08:30,0.37662575,0.4280995555555555,2.2773448,0.0033672608695652,2.9689986
2021-07-09 09:47:50,1.3998244,1.5987524,0.2573999999999999,0.0115667199999999,2.429658
2021-07-08 10:30:30,1.2299233333333333,1.4389162777777778,0.2374656249999999,0.0111379487179487,2.259943555555556
2021-07-30 23:24:30,0.1199666666666666,0.242134,1.9503758333333328,0.0042561724137931,2.2503625714285715
2021-07-05 09:45:00,1.004841,0.95453,2.2898334,0.0069278333333333,3.98227625
2021-07-20 02:48:50,60.052265,10.0507855,0.120039,0.0036919,10.458194
2021-07-22 23:38:40,0.15399775,0.2924934444444445,2.3326216,0.0050636818181818,2.997638
2021-07-03 15:16:30,0.806414125,0.863249,1.1204160909090908,0.0095168269230769,2.504742777777778
2021-07-08 20:19:20,1.6577623333333331,1.8837159166666664,0.2436723999999999,0.01261368,2.839916333333333
2021-07-17 05:06:20,0.1425435,0.3341992307692308,1.685225857142857,0.00393190625,2.3909084285714286
2021-07-23 05:59:20,0.2771766666666667,0.410497,2.852733,0.0035312777777777,3.60579725
2021-07-17 09:22:10,0.142471,0.3183968571428571,2.8539565,0.0041666666666666,3.51700075
2021-07-20 16:08:50,0.1535333333333333,0.279645,2.3134878,0.00347636,2.0462841428571426
2021-07-17 04:49:20,0.1547226,0.3311199090909091,1.9665916666666667,0.0036439629629629,2.6470075
2021-07-11 15:03:20,0.320891,0.4150678,1.3311356666666665,0.004278075,2.239053625
2021-07-09 19:55:50,0.9609874285714286,1.1568723571428572,0.2771805,0.013284081081081,2.024619
2021-07-20 00:29:40,60.065804,10.05389975,0.125295,0.003424,10.5341165
2021-07-18 08:02:10,0.1591395,0.3594622307692308,1.7018075714285712,0.0040945454545454,2.4058504285714286
2021-07-09 17:55:10,1.6300605999999995,1.8672462,0.2539584,0.0161295199999999,2.7808918
2021-07-22 07:12:40,0.1215321428571428,0.2639065333333333,1.3315365555555556,0.0036914,2.119248625
2021-07-08 15:20:10,1.0483397142857145,1.2771555714285714,0.2289,0.0095338,2.060570142857143
2021-07-16 13:41:00,0.2060568888888889,0.4065562631578947,1.4000474444444444,0.0062032444444444,2.0536047
2021-07-09 10:59:00,1.132343285714286,1.3530743571428572,0.2871891428571428,0.0103776857142857,2.291298571428572
2021-07-18 04:35:20,0.1415591666666666,0.3163353636363636,1.4943855,0.0040241714285714,2.6084476666666667
2021-07-18 02:50:30,0.1664765,0.3203313333333333,1.952017833333333,0.0048323076923076,2.9884596
2021-07-21 02:23:00,0.13134275,0.2693548888888888,2.3153084,0.0044916086956521,2.9713942
2021-07-08 10:40:30,1.2685141666666668,1.4732121666666669,0.236873,0.0131133,2.318502
2021-07-11 05:39:50,0.335674,0.447647,2.356911,0.0069133809523809,3.7237335
2021-07-02 13:14:50,0.3323992857142857,0.4008518,1.47087325,0.004115731707317,2.154117
2021-07-20 00:47:50,60.069221,10.059408,0.12341,0.0035221428571428,10.507188
2021-07-24 08:46:10,0.1238091428571428,0.2673394,1.3402592222222225,0.004322925,2.114409
2021-07-08 06:49:10,0.3405081428571428,0.5677167333333333,1.4975296666666666,0.0159733658536585,2.766058125
2021-07-02 16:20:50,0.3541755,0.3996633333333333,1.916048,0.0040991111111111,2.9481966
2021-07-03 21:38:10,0.3332704,0.4038398181818181,1.663552857142857,0.0044606551724137,2.6112675
2021-07-11 20:51:40,0.31338925,0.4164643333333333,1.682055142857143,0.0033945666666666,3.0561168000000003
2021-07-20 02:44:20,60.036731,10.04980375,0.108581,0.0034556,10.513434
2021-07-08 11:23:10,0.9851494,1.2006423,0.2346784,0.0156792962962963,2.050397
2021-07-11 17:20:20,0.2996963333333333,0.378375,2.8620590000000004,0.003478,3.5872545
2021-07-24 23:48:40,0.1020215,0.2321695555555555,2.3212204000000005,0.0047535217391304,2.9144750000000004
2021-07-28 19:25:30,0.1817605555555555,0.3087393333333333,1.119663181818182,0.0044367450980392,2.0233036666666666
2021-07-25 17:39:20,0.111076,0.1923176,5.5946645,0.004275,4.282872666666667
2021-07-20 03:16:50,60.0484225,10.054055,0.120383,0.003504,10.5468075
2021-07-30 20:27:40,0.31952725,0.4105287777777777,2.3159672,0.0072119565217391,3.0220748
2021-07-11 10:54:30,0.3339265714285714,0.4775644666666666,1.7053864285714286,0.0058233939393939,2.40854275
2021-07-28 00:20:00,0.1315415,0.2217887,3.2576454285714287,0.004227,4.3207846666666665
2021-07-20 03:12:50,60.064361,10.0480175,0.16127,0.0033761111111111,10.485168
2021-07-29 01:31:00,0.13696875,0.2394446666666666,1.9508266666666667,0.00410808,2.8781618
2021-07-29 04:35:30,0.1214558181818181,0.2349330416666666,1.8183001538461536,0.0053177166666666,2.383207769230769
2021-07-20 01:35:20,60.061965,10.047879,0.189915,0.0091606,10.46616
2021-07-04 02:53:00,0.3250697142857143,0.4034064,1.4618,0.0034265789473684,2.141987
2021-07-10 02:32:10,0.3544135,0.5256863076923077,1.5929497499999998,0.01435275,2.8309714285714285
2021-07-08 09:58:10,1.4653934285714283,1.6687802857142855,0.2249098,0.01060496,2.510597
2021-07-08 09:04:00,0.363127,0.5026315555555556,2.4295592000000004,0.0164434761904761,3.4976452
2021-07-20 02:45:00,60.060448,10.04951825,0.1124905,0.0057738888888888,10.5042755
2021-07-09 14:19:10,2.105026875,2.1719381875,0.2440871428571428,0.0103801176470588,2.994874
2021-07-03 05:01:30,0.3238326666666666,0.3857281538461538,1.460803875,0.00343875,2.314673285714285
2021-07-24 20:22:20,0.1403309999999999,0.2802637777777778,2.3127796,0.003466909090909,2.938868
2021-07-20 02:29:10,60.055126,10.0441945,0.1152125,0.0034542222222222,10.539932
2021-07-17 01:37:40,0.147458,0.251623,3.765033,0.003562909090909,6.1399155
2021-07-22 12:42:30,0.1365098333333333,0.2815252307692307,1.5013626249999998,0.0050462162162162,2.323262571428572
2021-07-20 01:08:40,60.0560315,10.0497325,0.1132519999999999,0.0047452999999999,10.501011
2021-07-11 03:10:30,0.4950724285714286,0.636182,2.616050555555556,0.011908775,3.635141222222222
2021-07-03 15:14:50,0.81131375,0.813863,2.2848154000000003,0.0040450454545454,3.3307252
2021-07-20 00:37:20,60.024824,10.05342325,0.124825,0.0037128,10.527913000000002
2021-07-20 04:47:20,0.0668065,0.206673,2.3355758,0.004445304347826,2.9142884
2021-07-18 02:51:50,0.14249925,0.3057716666666666,1.994651,0.00804224,3.0323814
2021-07-20 02:17:30,60.051045,10.0449015,0.139017,0.0035229999999999,10.4758755
2021-07-09 09:29:00,0.609286,0.7312478571428571,2.045703333333333,0.0114316153846153,4.1775185
2021-07-09 04:04:10,0.3453445,0.5134693333333333,2.1058153333333336,0.0140798846153846,3.5386678000000003
2021-07-20 01:11:10,60.060151,10.060083,0.1156635,0.0036429,10.5210185
2021-07-09 11:18:00,1.1019964285714283,1.3186142142857142,0.2572327142857143,0.0147778529411764,2.1685852857142858
2021-07-20 02:25:30,60.028944,10.0511885,0.1095885,0.0037094444444444,10.501499
2021-07-08 19:08:50,1.6256088333333334,1.8492455,0.316369,0.0188967931034482,2.7894531666666667
2021-07-17 16:57:10,0.1152016666666666,0.2911377142857143,2.3162554,0.0035946666666666,3.5362465
2021-07-21 03:32:10,0.1517342222222222,0.356526947368421,1.3169099000000002,0.0105707551020408,2.175389
2021-07-20 01:29:30,60.025047,10.052469,0.123395,0.003653,10.514037
2021-07-09 09:45:20,1.88720825,1.886422888888889,2.9944572500000004,0.0160686315789473,4.7097474
2021-07-05 19:12:10,0.6091770000000001,0.6414674545454546,1.475158,0.0043773714285714,2.854905666666667
2021-07-08 17:07:40,1.1425975,1.3358295,0.263445,0.008372923076923,2.1857235
2021-07-20 03:20:10,60.023763,10.054608,0.1267375,0.0044507,10.546235
2021-07-08 10:06:30,0.930129,1.2264524285714289,0.2815414285714285,0.0166587837837837,2.1215038571428573
2021-07-08 17:19:10,1.3761962,1.5885063,0.2433185,0.0112223103448275,2.4053882
2021-07-08 11:22:20,0.8394923333333333,1.0503168333333333,0.3030527142857143,0.0146238484848484,2.034593166666667
2021-07-20 01:19:30,60.0558135,10.05132175,0.1115859999999999,0.0034923333333333,10.488343
2021-07-28 21:10:20,0.3965042222222222,0.4995085263157895,1.3354772222222224,0.0033975813953488,2.0448923
2021-07-08 05:03:40,0.357937,0.5767959411764706,1.505696888888889,0.0139798139534883,2.6581477777777778
2021-07-20 00:50:50,60.065231,10.047603,0.1204234999999999,0.0036946,10.5387425
2021-07-25 16:55:10,0.1376664,0.2512395454545454,1.7087237142857143,0.0051580625,2.571133666666667
2021-07-11 20:13:20,0.3310638888888889,0.4449976842105262,1.1262594545454545,0.0054934999999999,2.0428052
2021-07-02 19:29:20,0.338574,0.3963377777777778,1.9237313333333328,0.0039081111111111,2.9817016
2021-07-08 21:40:20,0.4423463749999999,0.6597164117647059,1.4748375555555555,0.0143099285714285,2.7530508888888887
2021-07-28 19:45:10,0.1789947999999999,0.2902422727272727,1.954205333333333,0.0055467857142857,2.581475333333333
2021-07-17 23:23:10,0.1423965,0.3232863846153846,1.9463598333333327,0.00362059375,2.3381478571428573
2021-07-16 06:13:50,0.1330743333333333,0.3262064615384615,1.6899472857142857,0.0041262258064516,2.3886668571428573
2021-07-28 18:17:10,0.2191443333333333,0.3313778461538461,1.6870837142857142,0.0046423870967741,2.363245857142857
2021-07-05 10:46:20,0.36547025,0.426285,1.320431111111111,0.0048132954545454,2.049770777777778
2021-07-04 11:27:10,0.324142,0.3966742352941176,1.1994588,0.00455225,2.0141873333333336
2021-07-02 23:37:10,0.45760575,0.5228481176470589,1.1021825454545455,0.0050952549019607,2.1542464444444445
2021-07-08 09:50:00,1.02992525,1.2357940625,0.2451764285714286,0.0136161470588235,2.1016845
2021-07-03 08:01:00,0.323603,0.392108,1.478351625,0.0038323421052631,2.157561125
2021-07-24 11:44:30,0.1551033333333333,0.3163001538461538,1.496510125,0.0041165675675675,2.3646768571428574
2021-07-28 22:25:20,0.1756666666666666,0.2962727692307692,1.707372285714286,0.0056509714285714,2.346912142857143
2021-07-20 20:54:40,0.0961374999999999,0.2502581538461538,1.9518651666666669,0.0044633571428571,2.3248965714285714
2021-07-20 02:59:50,60.0546205,10.0505385,0.115065,0.0034291428571428,10.593588
2021-07-05 02:09:40,0.333039,0.4010786,1.1913837,0.0043361914893617,2.179549625
2021-07-04 02:51:00,0.329708,0.4042272,1.47271475,0.0053326842105263,2.19173175
2021-07-02 23:39:20,0.322802875,0.395364,1.318948777777778,0.0048258333333333,2.013977333333333
2021-07-01 17:04:10,0.3976612499999999,0.419728,2.81621875,0.0040825555555555,2.9035
2021-07-04 07:37:40,0.3246471428571428,0.3957674666666666,1.457068625,0.0040664054054054,2.146383375
2021-07-20 03:02:00,60.0465245,10.05287075,0.1494825,0.0222893,10.48608
2021-07-25 03:41:10,0.1684063636363636,0.3706505217391304,1.1420833333333331,0.013896649122807,2.04480175
2021-07-09 23:10:00,0.3898065,0.5795637647058823,1.3687005,0.0182635909090909,2.627337888888889
2021-07-11 06:22:20,0.3408761111111111,0.4883187894736842,1.176134545454545,0.0089502549019607,2.2160771
2021-07-24 19:43:10,0.1750898333333333,0.332023,1.6931005714285714,0.0039360882352941,2.394557
2021-07-25 12:20:40,0.1190315999999999,0.2384482727272727,1.7013624285714284,0.00335021875,2.5476225
2021-07-09 17:40:40,0.9893385714285714,1.2108986428571429,0.2816111428571429,0.0134215294117647,2.150775714285714
2021-07-30 03:18:30,0.131994,0.2458827272727272,1.9385416666666668,0.0030401071428571,2.507373333333333
2021-07-21 12:24:50,0.1378692,0.2945922727272727,1.7045695714285716,0.0070570967741935,2.59781
2021-07-24 20:17:20,0.1156678,0.254751,1.6818262857142856,0.0039739,2.9174874
2021-07-20 03:33:00,60.101406,10.066295,0.305949,0.0345455999999999,10.707163
2021-07-20 02:15:20,60.078878,10.06564875,0.1340725,0.0034717999999999,10.573571
2021-07-09 13:44:00,1.035177,1.2718756666666666,0.310129,0.0179606285714285,2.2329675
2021-07-20 14:58:30,0.1356481666666666,0.2828170769230769,1.9573911666666668,0.0038724642857142,2.3584267142857143
2021-07-04 10:30:50,0.32650375,0.3752092222222222,2.2863274,0.0035718695652173,2.930673
2021-07-18 19:35:50,0.1340518,0.3026158,2.3275846,0.0034989130434782,3.0080868
2021-07-03 16:33:10,0.494563,0.5431973846153846,1.312332111111111,0.0043136829268292,2.500586
2021-07-05 03:13:20,0.3368944,0.4833950000000001,0.0951958333333333,0.0036307142857142,2.4757166
2021-07-24 12:08:50,0.1357317142857143,0.2775687333333333,1.3498125555555556,0.005192119047619,2.14850875
2021-07-28 18:18:00,0.2497581428571428,0.3596798,1.49831175,0.003556282051282,2.1985395
2021-07-31 17:01:30,20.0682175,10.043455,0.0906695,0.0028885,10.46496
2021-07-09 09:48:20,1.5490214,1.7525863999999998,0.253739,0.00982284,2.5865842
2021-07-24 04:13:30,0.131292,0.2701898888888889,2.8585235,0.003504,2.9312548
2021-07-09 10:37:40,1.269997,1.473421375,0.2520797142857143,0.0128779411764705,2.256234
2021-07-11 14:59:50,0.31479725,0.4092424444444444,1.965163,0.0063762592592592,3.119772
2021-07-09 09:27:10,1.041276,1.2819120833333333,0.2850862857142857,0.0106675454545454,2.1882675000000003
2021-07-08 20:41:50,0.5348506666666667,0.7102949230769231,1.8203314285714287,0.0135887575757575,3.1179801428571428
2021-07-20 21:00:30,0.1885636666666666,1.7494715714285711,0.130853,0.0042370769230769,2.259110142857143
2021-07-09 00:49:20,0.3752703333333333,0.5542631428571428,2.4406368,0.0129438571428571,4.13950575
2021-07-11 14:41:20,0.3277181999999999,0.4237907272727273,1.9413513333333328,0.0059154814814814,2.7243455
2021-07-17 00:02:20,0.0979435,0.2960114705882353,1.506510625,0.0050596315789473,2.012601222222222
2021-07-30 23:41:20,0.11617325,0.2172348888888889,1.919302,0.0041288260869565,2.7983418
2021-07-20 00:56:50,60.075704,10.0542275,0.111175,0.0036976,10.4962975
2021-07-08 15:35:40,1.1615098333333334,1.3604465,0.2879608333333333,0.0182320666666666,2.275167333333333
2021-07-16 22:21:30,0.1420932857142857,0.3191677333333333,1.504268375,0.0044208108108108,2.17234975
2021-07-20 00:19:30,60.037017500000005,10.079425,0.123118,0.0036164,10.668202
2021-07-21 08:13:40,0.142105875,0.2860637058823529,1.246798,0.0051068541666666,2.0524832222222225
2021-07-28 02:27:30,0.1368022857142857,0.2493223333333333,1.3386446666666665,0.0066727857142857,2.088276
2021-07-02 04:07:30,0.3142491666666667,0.3766167692307692,1.6489872857142858,0.003228,2.264275714285714
2021-07-20 02:16:30,60.041026,10.04882275,0.1104105,0.0034544,10.5068285
2021-07-16 12:49:30,0.1514643333333333,0.3163595714285714,2.333078,0.0048515652173913,3.51858275
2021-07-08 20:39:20,0.9408601666666666,1.2040651666666666,0.3337225,0.0234768333333333,2.217089
2021-07-16 06:09:00,0.1488818333333333,0.3502154615384615,1.6955104285714284,0.0041322647058823,2.4143
2021-07-08 00:14:10,0.3374612,0.5110556363636364,1.7570538571428571,0.009421625,2.9620945
2021-07-31 14:44:10,20.06226,10.0425425,0.1258155,0.0040008,10.460779
2021-07-28 02:32:50,0.1358328571428571,0.2457975333333333,1.510102625,0.006795282051282,2.1091791250000003
2021-07-20 02:16:10,60.060136,10.0562675,0.1253435,0.0043499,10.511511
2021-07-20 23:30:20,0.1615726,0.3031615454545454,2.3245906,0.0088431363636363,2.633977333333333
2021-07-25 02:03:20,0.1051276666666666,0.2415595714285714,2.3126088,0.0038748571428571,3.41875925
